<?xml version="1.0" encoding="UTF-8" standalone="yes"?>
<addon id="plugin.program.mtvguidepro" name="[COLOR ff4682b4]M[COLOR ffC0C0C0]ayfair [COLOR ff4682b4]G[COLOR ffC0C0C0]uide[COLOR gold] PRO[/COLOR]" version="1.2.3" provider-name="Mayfair">

	<requires>
		<import addon="xbmc.python" version="2.19.0"/>
		<import addon="script.module.simplejson" version="3.3.0"/>
		<import addon="script.module.requests" version="2.9.1"/>
		<import addon="script.module.pyxbmct" version="1.2.0"/>
		<import addon="script.module.elementtree" version="1.2.7"/>
		<import addon="script.module.addon.common" version="2.0.0"/>
	</requires>
		
	<extension point="xbmc.python.script" library="addon.py">
            <provides>executable</provides>
    </extension>   
    
    <extension point="xbmc.service" library="service.py" start="login"/>
	<extension point="xbmc.addon.metadata">
	
		<summary lang="en">[COLOR ff4682b4]M[COLOR ffC0C0C0]ayfair [COLOR ff4682b4]G[COLOR ffC0C0C0]uide[COLOR gold] PRO[/COLOR] with a fully working EPG</summary>
		<summary lang="en_US">[COLOR ff4682b4]M[COLOR ffC0C0C0]ayfair [COLOR ff4682b4]G[COLOR ffC0C0C0]uide[COLOR gold] PRO[/COLOR] with a fully working EPG</summary>

		<description lang="en">[COLOR ff4682b4]M[COLOR ffC0C0C0]ayfair [COLOR ff4682b4]G[COLOR ffC0C0C0]uide[COLOR gold] PRO[/COLOR] allows you to combine some of your favourite live TV plugins for use with a fully working EPG.

With [COLOR ff4682b4]M[COLOR ffC0C0C0]ayfair [COLOR ff4682b4]G[COLOR ffC0C0C0]uide[COLOR gold] PRO[/COLOR] channel surfing has been made easy! just how any guide should be!

We are adding support for add-on(s) every day!</description>
		<description lang="en_US">[COLOR ff4682b4]M[COLOR ffC0C0C0]ayfair [COLOR ff4682b4]G[COLOR ffC0C0C0]uide[COLOR gold] PRO[/COLOR] allows you to combine some of your favourite live TV plugins for use with a fully working EPG.

With [COLOR ff4682b4]M[COLOR ffC0C0C0]ayfair [COLOR ff4682b4]G[COLOR ffC0C0C0]uide[COLOR gold] PRO[/COLOR] channel surfing has been made easy! just how any guide should be!

We are adding support for add-on(s) every day!</description>
		<disclaimer>This guide is a forked version of TDB TV Guide which includes an amalgamation of code from Andys TV Guide, FTV Guide, 
On Tapp, Ivue and the original TV Guide by Twinthe.</disclaimer>
		<language></language>
		<platform>all</platform>
		<license></license>
		<forum>http://mayfairguides.com/forum</forum>
		<website>http://mayfairguides.com/</website>
		<email></email>
	</extension>
</addon>
